#Gender,Tot_Balance
Female,343720514.000000000
Male,421138378.880001000
